"(x, y)",Year,Month,Town,Block,Floor_Area,Flat_Model,Lease_Commence_Date,Price_Per_Square_Meter
"(1, 80)",2019,05,JURONG WEST,820,113,Model A,1993,2655
"(1, 81)",2019,05,JURONG WEST,820,113,Model A,1993,2655
"(1, 82)",2019,05,JURONG WEST,820,113,Model A,1993,2655
"(1, 83)",2019,05,JURONG WEST,820,113,Model A,1993,2655
"(1, 84)",2019,05,JURONG WEST,820,113,Model A,1993,2655
"(1, 85)",2019,05,JURONG WEST,820,113,Model A,1993,2655
"(1, 86)",2019,05,JURONG WEST,820,113,Model A,1993,2655
"(1, 87)",2019,05,JURONG WEST,820,113,Model A,1993,2655
"(1, 88)",2019,05,JURONG WEST,820,113,Model A,1993,2655
"(1, 89)",2019,05,JURONG WEST,820,113,Model A,1993,2655
"(1, 90)",2019,05,JURONG WEST,820,113,Model A,1993,2655
"(1, 91)",2019,05,JURONG WEST,820,113,Model A,1993,2655
"(1, 92)",2019,05,JURONG WEST,820,113,Model A,1993,2655
"(1, 93)",2019,05,JURONG WEST,820,113,Model A,1993,2655
"(1, 94)",2019,05,JURONG WEST,820,113,Model A,1993,2655
"(1, 95)",2019,05,JURONG WEST,820,113,Model A,1993,2655
"(1, 96)",2019,05,JURONG WEST,820,113,Model A,1993,2655
"(1, 97)",2019,05,JURONG WEST,820,113,Model A,1993,2655
"(1, 98)",2019,05,JURONG WEST,820,113,Model A,1993,2655
"(1, 99)",2019,05,JURONG WEST,820,113,Model A,1993,2655
"(1, 100)",2019,05,JURONG WEST,820,113,Model A,1993,2655
"(1, 101)",2019,05,JURONG WEST,820,113,Model A,1993,2655
"(1, 102)",2019,05,JURONG WEST,820,113,Model A,1993,2655
"(1, 103)",2019,05,JURONG WEST,820,113,Model A,1993,2655
"(1, 104)",2019,05,JURONG WEST,820,113,Model A,1993,2655
"(1, 105)",2019,05,JURONG WEST,820,113,Model A,1993,2655
"(1, 106)",2019,05,JURONG WEST,820,113,Model A,1993,2655
"(1, 107)",2019,05,JURONG WEST,820,113,Model A,1993,2655
"(1, 108)",2019,05,JURONG WEST,820,113,Model A,1993,2655
"(1, 109)",2019,05,JURONG WEST,820,113,Model A,1993,2655
"(1, 110)",2019,05,JURONG WEST,820,113,Model A,1993,2655
"(1, 111)",2019,05,JURONG WEST,820,113,Model A,1993,2655
"(1, 112)",2019,05,JURONG WEST,820,113,Model A,1993,2655
"(1, 113)",2019,05,JURONG WEST,820,113,Model A,1993,2655
"(1, 114)",2019,05,JURONG WEST,817,128,Improved,1993,2813
"(1, 115)",2019,05,JURONG WEST,817,128,Improved,1993,2813
"(1, 116)",2019,05,JURONG WEST,817,128,Improved,1993,2813
"(1, 117)",2019,05,JURONG WEST,817,128,Improved,1993,2813
"(1, 118)",2019,05,JURONG WEST,817,128,Improved,1993,2813
"(1, 119)",2019,05,JURONG WEST,817,128,Improved,1993,2813
"(1, 120)",2019,05,JURONG WEST,817,128,Improved,1993,2813
"(1, 121)",2019,05,JURONG WEST,817,128,Improved,1993,2813
"(1, 122)",2019,05,JURONG WEST,817,128,Improved,1993,2813
"(1, 123)",2019,05,JURONG WEST,817,128,Improved,1993,2813
"(1, 124)",2019,05,JURONG WEST,817,128,Improved,1993,2813
"(1, 125)",2019,05,JURONG WEST,817,128,Improved,1993,2813
"(1, 126)",2019,05,JURONG WEST,817,128,Improved,1993,2813
"(1, 127)",2019,05,JURONG WEST,817,128,Improved,1993,2813
"(1, 128)",2019,05,JURONG WEST,817,128,Improved,1993,2813
"(1, 129)",2019,05,JURONG WEST,402,136,Model A,1984,2889
"(1, 130)",2019,05,JURONG WEST,402,136,Model A,1984,2889
"(1, 131)",2019,05,JURONG WEST,402,136,Model A,1984,2889
"(1, 132)",2019,05,JURONG WEST,402,136,Model A,1984,2889
"(1, 133)",2019,05,JURONG WEST,402,136,Model A,1984,2889
"(1, 134)",2019,05,JURONG WEST,402,136,Model A,1984,2889
"(1, 135)",2019,05,JURONG WEST,402,136,Model A,1984,2889
"(1, 136)",2019,05,JURONG WEST,402,136,Model A,1984,2889
"(1, 137)",2019,05,JURONG WEST,831,146,Apartment,1993,3116
"(1, 138)",2019,05,JURONG WEST,831,146,Apartment,1993,3116
"(1, 139)",2019,05,JURONG WEST,831,146,Apartment,1993,3116
"(1, 140)",2019,05,JURONG WEST,831,146,Apartment,1993,3116
"(1, 141)",2019,05,JURONG WEST,831,146,Apartment,1993,3116
"(1, 142)",2019,05,JURONG WEST,831,146,Apartment,1993,3116
"(1, 143)",2019,05,JURONG WEST,831,146,Apartment,1993,3116
"(1, 144)",2019,05,JURONG WEST,831,146,Apartment,1993,3116
"(1, 145)",2019,05,JURONG WEST,831,146,Apartment,1993,3116
"(1, 146)",2019,05,JURONG WEST,831,146,Apartment,1993,3116
"(1, 147)",2019,05,JURONG WEST,695,147,Premium Apartment,1998,3524
"(1, 148)",2019,05,JURONG WEST,472,151,Maisonette,1985,3642
"(1, 149)",2019,05,JURONG WEST,472,151,Maisonette,1985,3642
"(1, 150)",2019,05,JURONG WEST,472,151,Maisonette,1985,3642
"(2, 80)",2019,06,YISHUN,816,104,Model A,1988,2308
"(2, 81)",2019,06,YISHUN,816,104,Model A,1988,2308
"(2, 82)",2019,06,YISHUN,816,104,Model A,1988,2308
"(2, 83)",2019,06,YISHUN,816,104,Model A,1988,2308
"(2, 84)",2019,06,YISHUN,816,104,Model A,1988,2308
"(2, 85)",2019,06,YISHUN,816,104,Model A,1988,2308
"(2, 86)",2019,06,YISHUN,816,104,Model A,1988,2308
"(2, 87)",2019,06,YISHUN,816,104,Model A,1988,2308
"(2, 88)",2019,06,YISHUN,816,104,Model A,1988,2308
"(2, 89)",2019,06,YISHUN,816,104,Model A,1988,2308
"(2, 90)",2019,06,YISHUN,816,104,Model A,1988,2308
"(2, 91)",2019,06,YISHUN,816,104,Model A,1988,2308
"(2, 92)",2019,06,YISHUN,816,104,Model A,1988,2308
"(2, 93)",2019,06,YISHUN,816,104,Model A,1988,2308
"(2, 94)",2019,06,YISHUN,816,104,Model A,1988,2308
"(2, 95)",2019,06,YISHUN,816,104,Model A,1988,2308
"(2, 96)",2019,06,YISHUN,816,104,Model A,1988,2308
"(2, 97)",2019,06,YISHUN,816,104,Model A,1988,2308
"(2, 98)",2019,06,YISHUN,816,104,Model A,1988,2308
"(2, 99)",2019,06,YISHUN,816,104,Model A,1988,2308
"(2, 100)",2019,06,YISHUN,816,104,Model A,1988,2308
"(2, 101)",2019,06,YISHUN,816,104,Model A,1988,2308
"(2, 102)",2019,06,YISHUN,816,104,Model A,1988,2308
"(2, 103)",2019,06,YISHUN,816,104,Model A,1988,2308
"(2, 104)",2019,06,YISHUN,816,104,Model A,1988,2308
"(2, 105)",2019,06,JURONG WEST,931,122,Improved,1988,2582
"(2, 106)",2019,06,JURONG WEST,931,122,Improved,1988,2582
"(2, 107)",2019,06,JURONG WEST,931,122,Improved,1988,2582
"(2, 108)",2019,06,JURONG WEST,931,122,Improved,1988,2582
"(2, 109)",2019,06,JURONG WEST,931,122,Improved,1988,2582
"(2, 110)",2019,06,JURONG WEST,931,122,Improved,1988,2582
"(2, 111)",2019,06,JURONG WEST,931,122,Improved,1988,2582
"(2, 112)",2019,06,JURONG WEST,931,122,Improved,1988,2582
"(2, 113)",2019,06,JURONG WEST,931,122,Improved,1988,2582
"(2, 114)",2019,06,JURONG WEST,931,122,Improved,1988,2582
"(2, 115)",2019,06,JURONG WEST,931,122,Improved,1988,2582
"(2, 116)",2019,06,JURONG WEST,931,122,Improved,1988,2582
"(2, 117)",2019,06,JURONG WEST,931,122,Improved,1988,2582
"(2, 118)",2019,06,JURONG WEST,931,122,Improved,1988,2582
"(2, 119)",2019,06,JURONG WEST,931,122,Improved,1988,2582
"(2, 120)",2019,06,JURONG WEST,931,122,Improved,1988,2582
"(2, 121)",2019,06,JURONG WEST,931,122,Improved,1988,2582
"(2, 122)",2019,06,JURONG WEST,931,122,Improved,1988,2582
"(2, 123)",2019,06,YISHUN,330,125,Improved,1995,2720
"(2, 124)",2019,06,YISHUN,330,125,Improved,1995,2720
"(2, 125)",2019,06,YISHUN,330,125,Improved,1995,2720
"(2, 126)",2019,05,JURONG WEST,817,128,Improved,1993,2813
"(2, 127)",2019,05,JURONG WEST,817,128,Improved,1993,2813
"(2, 128)",2019,05,JURONG WEST,817,128,Improved,1993,2813
"(2, 129)",2019,05,JURONG WEST,402,136,Model A,1984,2889
"(2, 130)",2019,05,JURONG WEST,402,136,Model A,1984,2889
"(2, 131)",2019,05,JURONG WEST,402,136,Model A,1984,2889
"(2, 132)",2019,05,JURONG WEST,402,136,Model A,1984,2889
"(2, 133)",2019,05,JURONG WEST,402,136,Model A,1984,2889
"(2, 134)",2019,05,JURONG WEST,402,136,Model A,1984,2889
"(2, 135)",2019,05,JURONG WEST,402,136,Model A,1984,2889
"(2, 136)",2019,05,JURONG WEST,402,136,Model A,1984,2889
"(2, 137)",2019,06,JURONG WEST,162,147,Apartment,1997,3061
"(2, 138)",2019,06,JURONG WEST,162,147,Apartment,1997,3061
"(2, 139)",2019,06,JURONG WEST,162,147,Apartment,1997,3061
"(2, 140)",2019,06,JURONG WEST,162,147,Apartment,1997,3061
"(2, 141)",2019,06,JURONG WEST,162,147,Apartment,1997,3061
"(2, 142)",2019,06,JURONG WEST,162,147,Apartment,1997,3061
"(2, 143)",2019,06,JURONG WEST,162,147,Apartment,1997,3061
"(2, 144)",2019,06,JURONG WEST,162,147,Apartment,1997,3061
"(2, 145)",2019,06,JURONG WEST,162,147,Apartment,1997,3061
"(2, 146)",2019,06,JURONG WEST,162,147,Apartment,1997,3061
"(2, 147)",2019,06,JURONG WEST,162,147,Apartment,1997,3061
"(2, 148)",2019,06,JURONG WEST,549,150,Maisonette,1986,3267
"(2, 149)",2019,06,JURONG WEST,549,150,Maisonette,1986,3267
"(2, 150)",2019,06,JURONG WEST,549,150,Maisonette,1986,3267
"(3, 80)",2019,06,YISHUN,816,104,Model A,1988,2308
"(3, 81)",2019,06,YISHUN,816,104,Model A,1988,2308
"(3, 82)",2019,06,YISHUN,816,104,Model A,1988,2308
"(3, 83)",2019,06,YISHUN,816,104,Model A,1988,2308
"(3, 84)",2019,06,YISHUN,816,104,Model A,1988,2308
"(3, 85)",2019,06,YISHUN,816,104,Model A,1988,2308
"(3, 86)",2019,06,YISHUN,816,104,Model A,1988,2308
"(3, 87)",2019,06,YISHUN,816,104,Model A,1988,2308
"(3, 88)",2019,06,YISHUN,816,104,Model A,1988,2308
"(3, 89)",2019,06,YISHUN,816,104,Model A,1988,2308
"(3, 90)",2019,06,YISHUN,816,104,Model A,1988,2308
"(3, 91)",2019,06,YISHUN,816,104,Model A,1988,2308
"(3, 92)",2019,06,YISHUN,816,104,Model A,1988,2308
"(3, 93)",2019,06,YISHUN,816,104,Model A,1988,2308
"(3, 94)",2019,06,YISHUN,816,104,Model A,1988,2308
"(3, 95)",2019,06,YISHUN,816,104,Model A,1988,2308
"(3, 96)",2019,06,YISHUN,816,104,Model A,1988,2308
"(3, 97)",2019,06,YISHUN,816,104,Model A,1988,2308
"(3, 98)",2019,06,YISHUN,816,104,Model A,1988,2308
"(3, 99)",2019,06,YISHUN,816,104,Model A,1988,2308
"(3, 100)",2019,06,YISHUN,816,104,Model A,1988,2308
"(3, 101)",2019,06,YISHUN,816,104,Model A,1988,2308
"(3, 102)",2019,06,YISHUN,816,104,Model A,1988,2308
"(3, 103)",2019,06,YISHUN,816,104,Model A,1988,2308
"(3, 104)",2019,06,YISHUN,816,104,Model A,1988,2308
"(3, 105)",2019,06,JURONG WEST,931,122,Improved,1988,2582
"(3, 106)",2019,06,JURONG WEST,931,122,Improved,1988,2582
"(3, 107)",2019,06,JURONG WEST,931,122,Improved,1988,2582
"(3, 108)",2019,06,JURONG WEST,931,122,Improved,1988,2582
"(3, 109)",2019,06,JURONG WEST,931,122,Improved,1988,2582
"(3, 110)",2019,06,JURONG WEST,931,122,Improved,1988,2582
"(3, 111)",2019,06,JURONG WEST,931,122,Improved,1988,2582
"(3, 112)",2019,06,JURONG WEST,931,122,Improved,1988,2582
"(3, 113)",2019,06,JURONG WEST,931,122,Improved,1988,2582
"(3, 114)",2019,06,JURONG WEST,931,122,Improved,1988,2582
"(3, 115)",2019,06,JURONG WEST,931,122,Improved,1988,2582
"(3, 116)",2019,06,JURONG WEST,931,122,Improved,1988,2582
"(3, 117)",2019,06,JURONG WEST,931,122,Improved,1988,2582
"(3, 118)",2019,06,JURONG WEST,931,122,Improved,1988,2582
"(3, 119)",2019,06,JURONG WEST,931,122,Improved,1988,2582
"(3, 120)",2019,06,JURONG WEST,931,122,Improved,1988,2582
"(3, 121)",2019,06,JURONG WEST,931,122,Improved,1988,2582
"(3, 122)",2019,06,JURONG WEST,931,122,Improved,1988,2582
"(3, 123)",2019,06,YISHUN,330,125,Improved,1995,2720
"(3, 124)",2019,06,YISHUN,330,125,Improved,1995,2720
"(3, 125)",2019,06,YISHUN,330,125,Improved,1995,2720
"(3, 126)",2019,07,JURONG WEST,818,139,Model A,1993,2734
"(3, 127)",2019,07,JURONG WEST,818,139,Model A,1993,2734
"(3, 128)",2019,07,JURONG WEST,818,139,Model A,1993,2734
"(3, 129)",2019,07,JURONG WEST,818,139,Model A,1993,2734
"(3, 130)",2019,07,JURONG WEST,818,139,Model A,1993,2734
"(3, 131)",2019,07,JURONG WEST,818,139,Model A,1993,2734
"(3, 132)",2019,07,JURONG WEST,818,139,Model A,1993,2734
"(3, 133)",2019,07,JURONG WEST,818,139,Model A,1993,2734
"(3, 134)",2019,07,JURONG WEST,818,139,Model A,1993,2734
"(3, 135)",2019,07,JURONG WEST,818,139,Model A,1993,2734
"(3, 136)",2019,07,JURONG WEST,818,139,Model A,1993,2734
"(3, 137)",2019,07,JURONG WEST,818,139,Model A,1993,2734
"(3, 138)",2019,07,JURONG WEST,818,139,Model A,1993,2734
"(3, 139)",2019,07,JURONG WEST,818,139,Model A,1993,2734
"(3, 140)",2019,06,JURONG WEST,162,147,Apartment,1997,3061
"(3, 141)",2019,06,JURONG WEST,162,147,Apartment,1997,3061
"(3, 142)",2019,06,JURONG WEST,162,147,Apartment,1997,3061
"(3, 143)",2019,06,JURONG WEST,162,147,Apartment,1997,3061
"(3, 144)",2019,06,JURONG WEST,162,147,Apartment,1997,3061
"(3, 145)",2019,06,JURONG WEST,162,147,Apartment,1997,3061
"(3, 146)",2019,06,JURONG WEST,162,147,Apartment,1997,3061
"(3, 147)",2019,06,JURONG WEST,162,147,Apartment,1997,3061
"(3, 148)",2019,07,JURONG WEST,407,150,Maisonette,1985,3253
"(3, 149)",2019,07,JURONG WEST,407,150,Maisonette,1985,3253
"(3, 150)",2019,07,JURONG WEST,407,150,Maisonette,1985,3253
"(4, 80)",2019,06,YISHUN,816,104,Model A,1988,2308
"(4, 81)",2019,06,YISHUN,816,104,Model A,1988,2308
"(4, 82)",2019,06,YISHUN,816,104,Model A,1988,2308
"(4, 83)",2019,06,YISHUN,816,104,Model A,1988,2308
"(4, 84)",2019,06,YISHUN,816,104,Model A,1988,2308
"(4, 85)",2019,06,YISHUN,816,104,Model A,1988,2308
"(4, 86)",2019,06,YISHUN,816,104,Model A,1988,2308
"(4, 87)",2019,06,YISHUN,816,104,Model A,1988,2308
"(4, 88)",2019,06,YISHUN,816,104,Model A,1988,2308
"(4, 89)",2019,06,YISHUN,816,104,Model A,1988,2308
"(4, 90)",2019,06,YISHUN,816,104,Model A,1988,2308
"(4, 91)",2019,06,YISHUN,816,104,Model A,1988,2308
"(4, 92)",2019,06,YISHUN,816,104,Model A,1988,2308
"(4, 93)",2019,06,YISHUN,816,104,Model A,1988,2308
"(4, 94)",2019,06,YISHUN,816,104,Model A,1988,2308
"(4, 95)",2019,06,YISHUN,816,104,Model A,1988,2308
"(4, 96)",2019,06,YISHUN,816,104,Model A,1988,2308
"(4, 97)",2019,06,YISHUN,816,104,Model A,1988,2308
"(4, 98)",2019,06,YISHUN,816,104,Model A,1988,2308
"(4, 99)",2019,06,YISHUN,816,104,Model A,1988,2308
"(4, 100)",2019,06,YISHUN,816,104,Model A,1988,2308
"(4, 101)",2019,06,YISHUN,816,104,Model A,1988,2308
"(4, 102)",2019,06,YISHUN,816,104,Model A,1988,2308
"(4, 103)",2019,06,YISHUN,816,104,Model A,1988,2308
"(4, 104)",2019,06,YISHUN,816,104,Model A,1988,2308
"(4, 105)",2019,06,JURONG WEST,931,122,Improved,1988,2582
"(4, 106)",2019,06,JURONG WEST,931,122,Improved,1988,2582
"(4, 107)",2019,06,JURONG WEST,931,122,Improved,1988,2582
"(4, 108)",2019,06,JURONG WEST,931,122,Improved,1988,2582
"(4, 109)",2019,06,JURONG WEST,931,122,Improved,1988,2582
"(4, 110)",2019,06,JURONG WEST,931,122,Improved,1988,2582
"(4, 111)",2019,06,JURONG WEST,931,122,Improved,1988,2582
"(4, 112)",2019,06,JURONG WEST,931,122,Improved,1988,2582
"(4, 113)",2019,06,JURONG WEST,931,122,Improved,1988,2582
"(4, 114)",2019,06,JURONG WEST,931,122,Improved,1988,2582
"(4, 115)",2019,06,JURONG WEST,931,122,Improved,1988,2582
"(4, 116)",2019,06,JURONG WEST,931,122,Improved,1988,2582
"(4, 117)",2019,06,JURONG WEST,931,122,Improved,1988,2582
"(4, 118)",2019,06,JURONG WEST,931,122,Improved,1988,2582
"(4, 119)",2019,06,JURONG WEST,931,122,Improved,1988,2582
"(4, 120)",2019,06,JURONG WEST,931,122,Improved,1988,2582
"(4, 121)",2019,06,JURONG WEST,931,122,Improved,1988,2582
"(4, 122)",2019,06,JURONG WEST,931,122,Improved,1988,2582
"(4, 123)",2019,06,YISHUN,330,125,Improved,1995,2720
"(4, 124)",2019,06,YISHUN,330,125,Improved,1995,2720
"(4, 125)",2019,06,YISHUN,330,125,Improved,1995,2720
"(4, 126)",2019,07,JURONG WEST,818,139,Model A,1993,2734
"(4, 127)",2019,07,JURONG WEST,818,139,Model A,1993,2734
"(4, 128)",2019,07,JURONG WEST,818,139,Model A,1993,2734
"(4, 129)",2019,07,JURONG WEST,818,139,Model A,1993,2734
"(4, 130)",2019,07,JURONG WEST,818,139,Model A,1993,2734
"(4, 131)",2019,07,JURONG WEST,818,139,Model A,1993,2734
"(4, 132)",2019,07,JURONG WEST,818,139,Model A,1993,2734
"(4, 133)",2019,07,JURONG WEST,818,139,Model A,1993,2734
"(4, 134)",2019,07,JURONG WEST,818,139,Model A,1993,2734
"(4, 135)",2019,07,JURONG WEST,818,139,Model A,1993,2734
"(4, 136)",2019,07,JURONG WEST,818,139,Model A,1993,2734
"(4, 137)",2019,07,JURONG WEST,818,139,Model A,1993,2734
"(4, 138)",2019,07,JURONG WEST,818,139,Model A,1993,2734
"(4, 139)",2019,07,JURONG WEST,818,139,Model A,1993,2734
"(4, 140)",2019,06,JURONG WEST,162,147,Apartment,1997,3061
"(4, 141)",2019,06,JURONG WEST,162,147,Apartment,1997,3061
"(4, 142)",2019,06,JURONG WEST,162,147,Apartment,1997,3061
"(4, 143)",2019,06,JURONG WEST,162,147,Apartment,1997,3061
"(4, 144)",2019,06,JURONG WEST,162,147,Apartment,1997,3061
"(4, 145)",2019,06,JURONG WEST,162,147,Apartment,1997,3061
"(4, 146)",2019,06,JURONG WEST,162,147,Apartment,1997,3061
"(4, 147)",2019,06,JURONG WEST,162,147,Apartment,1997,3061
"(4, 148)",2019,07,JURONG WEST,407,150,Maisonette,1985,3253
"(4, 149)",2019,07,JURONG WEST,407,150,Maisonette,1985,3253
"(4, 150)",2019,07,JURONG WEST,407,150,Maisonette,1985,3253
"(5, 80)",2019,06,YISHUN,816,104,Model A,1988,2308
"(5, 81)",2019,06,YISHUN,816,104,Model A,1988,2308
"(5, 82)",2019,06,YISHUN,816,104,Model A,1988,2308
"(5, 83)",2019,06,YISHUN,816,104,Model A,1988,2308
"(5, 84)",2019,06,YISHUN,816,104,Model A,1988,2308
"(5, 85)",2019,06,YISHUN,816,104,Model A,1988,2308
"(5, 86)",2019,06,YISHUN,816,104,Model A,1988,2308
"(5, 87)",2019,06,YISHUN,816,104,Model A,1988,2308
"(5, 88)",2019,06,YISHUN,816,104,Model A,1988,2308
"(5, 89)",2019,06,YISHUN,816,104,Model A,1988,2308
"(5, 90)",2019,06,YISHUN,816,104,Model A,1988,2308
"(5, 91)",2019,06,YISHUN,816,104,Model A,1988,2308
"(5, 92)",2019,06,YISHUN,816,104,Model A,1988,2308
"(5, 93)",2019,06,YISHUN,816,104,Model A,1988,2308
"(5, 94)",2019,06,YISHUN,816,104,Model A,1988,2308
"(5, 95)",2019,06,YISHUN,816,104,Model A,1988,2308
"(5, 96)",2019,06,YISHUN,816,104,Model A,1988,2308
"(5, 97)",2019,06,YISHUN,816,104,Model A,1988,2308
"(5, 98)",2019,06,YISHUN,816,104,Model A,1988,2308
"(5, 99)",2019,06,YISHUN,816,104,Model A,1988,2308
"(5, 100)",2019,06,YISHUN,816,104,Model A,1988,2308
"(5, 101)",2019,06,YISHUN,816,104,Model A,1988,2308
"(5, 102)",2019,06,YISHUN,816,104,Model A,1988,2308
"(5, 103)",2019,06,YISHUN,816,104,Model A,1988,2308
"(5, 104)",2019,06,YISHUN,816,104,Model A,1988,2308
"(5, 105)",2019,06,JURONG WEST,931,122,Improved,1988,2582
"(5, 106)",2019,06,JURONG WEST,931,122,Improved,1988,2582
"(5, 107)",2019,06,JURONG WEST,931,122,Improved,1988,2582
"(5, 108)",2019,06,JURONG WEST,931,122,Improved,1988,2582
"(5, 109)",2019,06,JURONG WEST,931,122,Improved,1988,2582
"(5, 110)",2019,06,JURONG WEST,931,122,Improved,1988,2582
"(5, 111)",2019,06,JURONG WEST,931,122,Improved,1988,2582
"(5, 112)",2019,06,JURONG WEST,931,122,Improved,1988,2582
"(5, 113)",2019,06,JURONG WEST,931,122,Improved,1988,2582
"(5, 114)",2019,06,JURONG WEST,931,122,Improved,1988,2582
"(5, 115)",2019,06,JURONG WEST,931,122,Improved,1988,2582
"(5, 116)",2019,06,JURONG WEST,931,122,Improved,1988,2582
"(5, 117)",2019,06,JURONG WEST,931,122,Improved,1988,2582
"(5, 118)",2019,06,JURONG WEST,931,122,Improved,1988,2582
"(5, 119)",2019,06,JURONG WEST,931,122,Improved,1988,2582
"(5, 120)",2019,06,JURONG WEST,931,122,Improved,1988,2582
"(5, 121)",2019,06,JURONG WEST,931,122,Improved,1988,2582
"(5, 122)",2019,06,JURONG WEST,931,122,Improved,1988,2582
"(5, 123)",2019,06,YISHUN,330,125,Improved,1995,2720
"(5, 124)",2019,06,YISHUN,330,125,Improved,1995,2720
"(5, 125)",2019,06,YISHUN,330,125,Improved,1995,2720
"(5, 126)",2019,07,JURONG WEST,818,139,Model A,1993,2734
"(5, 127)",2019,07,JURONG WEST,818,139,Model A,1993,2734
"(5, 128)",2019,07,JURONG WEST,818,139,Model A,1993,2734
"(5, 129)",2019,07,JURONG WEST,818,139,Model A,1993,2734
"(5, 130)",2019,07,JURONG WEST,818,139,Model A,1993,2734
"(5, 131)",2019,07,JURONG WEST,818,139,Model A,1993,2734
"(5, 132)",2019,07,JURONG WEST,818,139,Model A,1993,2734
"(5, 133)",2019,07,JURONG WEST,818,139,Model A,1993,2734
"(5, 134)",2019,07,JURONG WEST,818,139,Model A,1993,2734
"(5, 135)",2019,07,JURONG WEST,818,139,Model A,1993,2734
"(5, 136)",2019,07,JURONG WEST,818,139,Model A,1993,2734
"(5, 137)",2019,07,JURONG WEST,818,139,Model A,1993,2734
"(5, 138)",2019,07,JURONG WEST,818,139,Model A,1993,2734
"(5, 139)",2019,07,JURONG WEST,818,139,Model A,1993,2734
"(5, 140)",2019,09,JURONG WEST,558,149,Maisonette,1985,3054
"(5, 141)",2019,09,JURONG WEST,558,149,Maisonette,1985,3054
"(5, 142)",2019,09,JURONG WEST,558,149,Maisonette,1985,3054
"(5, 143)",2019,09,JURONG WEST,558,149,Maisonette,1985,3054
"(5, 144)",2019,09,JURONG WEST,558,149,Maisonette,1985,3054
"(5, 145)",2019,09,JURONG WEST,558,149,Maisonette,1985,3054
"(5, 146)",2019,09,JURONG WEST,558,149,Maisonette,1985,3054
"(5, 147)",2019,09,JURONG WEST,558,149,Maisonette,1985,3054
"(5, 148)",2019,09,JURONG WEST,558,149,Maisonette,1985,3054
"(5, 149)",2019,09,JURONG WEST,558,149,Maisonette,1985,3054
"(5, 150)",2019,07,JURONG WEST,407,150,Maisonette,1985,3253
"(6, 80)",2019,06,YISHUN,816,104,Model A,1988,2308
"(6, 81)",2019,06,YISHUN,816,104,Model A,1988,2308
"(6, 82)",2019,06,YISHUN,816,104,Model A,1988,2308
"(6, 83)",2019,06,YISHUN,816,104,Model A,1988,2308
"(6, 84)",2019,06,YISHUN,816,104,Model A,1988,2308
"(6, 85)",2019,06,YISHUN,816,104,Model A,1988,2308
"(6, 86)",2019,06,YISHUN,816,104,Model A,1988,2308
"(6, 87)",2019,06,YISHUN,816,104,Model A,1988,2308
"(6, 88)",2019,06,YISHUN,816,104,Model A,1988,2308
"(6, 89)",2019,06,YISHUN,816,104,Model A,1988,2308
"(6, 90)",2019,06,YISHUN,816,104,Model A,1988,2308
"(6, 91)",2019,06,YISHUN,816,104,Model A,1988,2308
"(6, 92)",2019,06,YISHUN,816,104,Model A,1988,2308
"(6, 93)",2019,06,YISHUN,816,104,Model A,1988,2308
"(6, 94)",2019,06,YISHUN,816,104,Model A,1988,2308
"(6, 95)",2019,06,YISHUN,816,104,Model A,1988,2308
"(6, 96)",2019,06,YISHUN,816,104,Model A,1988,2308
"(6, 97)",2019,06,YISHUN,816,104,Model A,1988,2308
"(6, 98)",2019,06,YISHUN,816,104,Model A,1988,2308
"(6, 99)",2019,06,YISHUN,816,104,Model A,1988,2308
"(6, 100)",2019,06,YISHUN,816,104,Model A,1988,2308
"(6, 101)",2019,06,YISHUN,816,104,Model A,1988,2308
"(6, 102)",2019,06,YISHUN,816,104,Model A,1988,2308
"(6, 103)",2019,06,YISHUN,816,104,Model A,1988,2308
"(6, 104)",2019,06,YISHUN,816,104,Model A,1988,2308
"(6, 105)",2019,06,JURONG WEST,931,122,Improved,1988,2582
"(6, 106)",2019,06,JURONG WEST,931,122,Improved,1988,2582
"(6, 107)",2019,06,JURONG WEST,931,122,Improved,1988,2582
"(6, 108)",2019,06,JURONG WEST,931,122,Improved,1988,2582
"(6, 109)",2019,06,JURONG WEST,931,122,Improved,1988,2582
"(6, 110)",2019,06,JURONG WEST,931,122,Improved,1988,2582
"(6, 111)",2019,06,JURONG WEST,931,122,Improved,1988,2582
"(6, 112)",2019,06,JURONG WEST,931,122,Improved,1988,2582
"(6, 113)",2019,06,JURONG WEST,931,122,Improved,1988,2582
"(6, 114)",2019,06,JURONG WEST,931,122,Improved,1988,2582
"(6, 115)",2019,06,JURONG WEST,931,122,Improved,1988,2582
"(6, 116)",2019,06,JURONG WEST,931,122,Improved,1988,2582
"(6, 117)",2019,06,JURONG WEST,931,122,Improved,1988,2582
"(6, 118)",2019,06,JURONG WEST,931,122,Improved,1988,2582
"(6, 119)",2019,06,JURONG WEST,931,122,Improved,1988,2582
"(6, 120)",2019,06,JURONG WEST,931,122,Improved,1988,2582
"(6, 121)",2019,06,JURONG WEST,931,122,Improved,1988,2582
"(6, 122)",2019,06,JURONG WEST,931,122,Improved,1988,2582
"(6, 123)",2019,06,YISHUN,330,125,Improved,1995,2720
"(6, 124)",2019,06,YISHUN,330,125,Improved,1995,2720
"(6, 125)",2019,06,YISHUN,330,125,Improved,1995,2720
"(6, 126)",2019,07,JURONG WEST,818,139,Model A,1993,2734
"(6, 127)",2019,07,JURONG WEST,818,139,Model A,1993,2734
"(6, 128)",2019,07,JURONG WEST,818,139,Model A,1993,2734
"(6, 129)",2019,07,JURONG WEST,818,139,Model A,1993,2734
"(6, 130)",2019,07,JURONG WEST,818,139,Model A,1993,2734
"(6, 131)",2019,07,JURONG WEST,818,139,Model A,1993,2734
"(6, 132)",2019,07,JURONG WEST,818,139,Model A,1993,2734
"(6, 133)",2019,07,JURONG WEST,818,139,Model A,1993,2734
"(6, 134)",2019,07,JURONG WEST,818,139,Model A,1993,2734
"(6, 135)",2019,07,JURONG WEST,818,139,Model A,1993,2734
"(6, 136)",2019,07,JURONG WEST,818,139,Model A,1993,2734
"(6, 137)",2019,07,JURONG WEST,818,139,Model A,1993,2734
"(6, 138)",2019,07,JURONG WEST,818,139,Model A,1993,2734
"(6, 139)",2019,07,JURONG WEST,818,139,Model A,1993,2734
"(6, 140)",2019,09,JURONG WEST,558,149,Maisonette,1985,3054
"(6, 141)",2019,09,JURONG WEST,558,149,Maisonette,1985,3054
"(6, 142)",2019,09,JURONG WEST,558,149,Maisonette,1985,3054
"(6, 143)",2019,09,JURONG WEST,558,149,Maisonette,1985,3054
"(6, 144)",2019,09,JURONG WEST,558,149,Maisonette,1985,3054
"(6, 145)",2019,09,JURONG WEST,558,149,Maisonette,1985,3054
"(6, 146)",2019,09,JURONG WEST,558,149,Maisonette,1985,3054
"(6, 147)",2019,09,JURONG WEST,558,149,Maisonette,1985,3054
"(6, 148)",2019,09,JURONG WEST,558,149,Maisonette,1985,3054
"(6, 149)",2019,09,JURONG WEST,558,149,Maisonette,1985,3054
"(6, 150)",2019,07,JURONG WEST,407,150,Maisonette,1985,3253
"(7, 80)",2019,06,YISHUN,816,104,Model A,1988,2308
"(7, 81)",2019,06,YISHUN,816,104,Model A,1988,2308
"(7, 82)",2019,06,YISHUN,816,104,Model A,1988,2308
"(7, 83)",2019,06,YISHUN,816,104,Model A,1988,2308
"(7, 84)",2019,06,YISHUN,816,104,Model A,1988,2308
"(7, 85)",2019,06,YISHUN,816,104,Model A,1988,2308
"(7, 86)",2019,06,YISHUN,816,104,Model A,1988,2308
"(7, 87)",2019,06,YISHUN,816,104,Model A,1988,2308
"(7, 88)",2019,06,YISHUN,816,104,Model A,1988,2308
"(7, 89)",2019,06,YISHUN,816,104,Model A,1988,2308
"(7, 90)",2019,06,YISHUN,816,104,Model A,1988,2308
"(7, 91)",2019,06,YISHUN,816,104,Model A,1988,2308
"(7, 92)",2019,06,YISHUN,816,104,Model A,1988,2308
"(7, 93)",2019,06,YISHUN,816,104,Model A,1988,2308
"(7, 94)",2019,06,YISHUN,816,104,Model A,1988,2308
"(7, 95)",2019,06,YISHUN,816,104,Model A,1988,2308
"(7, 96)",2019,06,YISHUN,816,104,Model A,1988,2308
"(7, 97)",2019,06,YISHUN,816,104,Model A,1988,2308
"(7, 98)",2019,06,YISHUN,816,104,Model A,1988,2308
"(7, 99)",2019,06,YISHUN,816,104,Model A,1988,2308
"(7, 100)",2019,06,YISHUN,816,104,Model A,1988,2308
"(7, 101)",2019,06,YISHUN,816,104,Model A,1988,2308
"(7, 102)",2019,06,YISHUN,816,104,Model A,1988,2308
"(7, 103)",2019,06,YISHUN,816,104,Model A,1988,2308
"(7, 104)",2019,06,YISHUN,816,104,Model A,1988,2308
"(7, 105)",2019,11,JURONG WEST,555,134,Model A,1985,2575
"(7, 106)",2019,11,JURONG WEST,555,134,Model A,1985,2575
"(7, 107)",2019,11,JURONG WEST,555,134,Model A,1985,2575
"(7, 108)",2019,11,JURONG WEST,555,134,Model A,1985,2575
"(7, 109)",2019,11,JURONG WEST,555,134,Model A,1985,2575
"(7, 110)",2019,11,JURONG WEST,555,134,Model A,1985,2575
"(7, 111)",2019,11,JURONG WEST,555,134,Model A,1985,2575
"(7, 112)",2019,11,JURONG WEST,555,134,Model A,1985,2575
"(7, 113)",2019,11,JURONG WEST,555,134,Model A,1985,2575
"(7, 114)",2019,11,JURONG WEST,555,134,Model A,1985,2575
"(7, 115)",2019,11,JURONG WEST,555,134,Model A,1985,2575
"(7, 116)",2019,11,JURONG WEST,555,134,Model A,1985,2575
"(7, 117)",2019,11,JURONG WEST,555,134,Model A,1985,2575
"(7, 118)",2019,11,JURONG WEST,555,134,Model A,1985,2575
"(7, 119)",2019,11,JURONG WEST,555,134,Model A,1985,2575
"(7, 120)",2019,11,JURONG WEST,555,134,Model A,1985,2575
"(7, 121)",2019,11,JURONG WEST,555,134,Model A,1985,2575
"(7, 122)",2019,11,JURONG WEST,555,134,Model A,1985,2575
"(7, 123)",2019,11,JURONG WEST,555,134,Model A,1985,2575
"(7, 124)",2019,11,JURONG WEST,555,134,Model A,1985,2575
"(7, 125)",2019,11,JURONG WEST,555,134,Model A,1985,2575
"(7, 126)",2019,11,JURONG WEST,555,134,Model A,1985,2575
"(7, 127)",2019,11,JURONG WEST,555,134,Model A,1985,2575
"(7, 128)",2019,11,JURONG WEST,555,134,Model A,1985,2575
"(7, 129)",2019,11,JURONG WEST,555,134,Model A,1985,2575
"(7, 130)",2019,11,JURONG WEST,555,134,Model A,1985,2575
"(7, 131)",2019,11,JURONG WEST,555,134,Model A,1985,2575
"(7, 132)",2019,11,JURONG WEST,555,134,Model A,1985,2575
"(7, 133)",2019,11,JURONG WEST,555,134,Model A,1985,2575
"(7, 134)",2019,11,JURONG WEST,555,134,Model A,1985,2575
"(7, 135)",2019,07,JURONG WEST,818,139,Model A,1993,2734
"(7, 136)",2019,07,JURONG WEST,818,139,Model A,1993,2734
"(7, 137)",2019,07,JURONG WEST,818,139,Model A,1993,2734
"(7, 138)",2019,07,JURONG WEST,818,139,Model A,1993,2734
"(7, 139)",2019,07,JURONG WEST,818,139,Model A,1993,2734
"(7, 140)",2019,09,JURONG WEST,558,149,Maisonette,1985,3054
"(7, 141)",2019,09,JURONG WEST,558,149,Maisonette,1985,3054
"(7, 142)",2019,09,JURONG WEST,558,149,Maisonette,1985,3054
"(7, 143)",2019,09,JURONG WEST,558,149,Maisonette,1985,3054
"(7, 144)",2019,09,JURONG WEST,558,149,Maisonette,1985,3054
"(7, 145)",2019,09,JURONG WEST,558,149,Maisonette,1985,3054
"(7, 146)",2019,09,JURONG WEST,558,149,Maisonette,1985,3054
"(7, 147)",2019,09,JURONG WEST,558,149,Maisonette,1985,3054
"(7, 148)",2019,09,JURONG WEST,558,149,Maisonette,1985,3054
"(7, 149)",2019,09,JURONG WEST,558,149,Maisonette,1985,3054
"(7, 150)",2019,07,JURONG WEST,407,150,Maisonette,1985,3253
"(8, 80)",2019,06,YISHUN,816,104,Model A,1988,2308
"(8, 81)",2019,06,YISHUN,816,104,Model A,1988,2308
"(8, 82)",2019,06,YISHUN,816,104,Model A,1988,2308
"(8, 83)",2019,06,YISHUN,816,104,Model A,1988,2308
"(8, 84)",2019,06,YISHUN,816,104,Model A,1988,2308
"(8, 85)",2019,06,YISHUN,816,104,Model A,1988,2308
"(8, 86)",2019,06,YISHUN,816,104,Model A,1988,2308
"(8, 87)",2019,06,YISHUN,816,104,Model A,1988,2308
"(8, 88)",2019,06,YISHUN,816,104,Model A,1988,2308
"(8, 89)",2019,06,YISHUN,816,104,Model A,1988,2308
"(8, 90)",2019,06,YISHUN,816,104,Model A,1988,2308
"(8, 91)",2019,06,YISHUN,816,104,Model A,1988,2308
"(8, 92)",2019,06,YISHUN,816,104,Model A,1988,2308
"(8, 93)",2019,06,YISHUN,816,104,Model A,1988,2308
"(8, 94)",2019,06,YISHUN,816,104,Model A,1988,2308
"(8, 95)",2019,06,YISHUN,816,104,Model A,1988,2308
"(8, 96)",2019,06,YISHUN,816,104,Model A,1988,2308
"(8, 97)",2019,06,YISHUN,816,104,Model A,1988,2308
"(8, 98)",2019,06,YISHUN,816,104,Model A,1988,2308
"(8, 99)",2019,06,YISHUN,816,104,Model A,1988,2308
"(8, 100)",2019,06,YISHUN,816,104,Model A,1988,2308
"(8, 101)",2019,06,YISHUN,816,104,Model A,1988,2308
"(8, 102)",2019,06,YISHUN,816,104,Model A,1988,2308
"(8, 103)",2019,06,YISHUN,816,104,Model A,1988,2308
"(8, 104)",2019,06,YISHUN,816,104,Model A,1988,2308
"(8, 105)",2019,11,JURONG WEST,555,134,Model A,1985,2575
"(8, 106)",2019,11,JURONG WEST,555,134,Model A,1985,2575
"(8, 107)",2019,11,JURONG WEST,555,134,Model A,1985,2575
"(8, 108)",2019,11,JURONG WEST,555,134,Model A,1985,2575
"(8, 109)",2019,11,JURONG WEST,555,134,Model A,1985,2575
"(8, 110)",2019,11,JURONG WEST,555,134,Model A,1985,2575
"(8, 111)",2019,11,JURONG WEST,555,134,Model A,1985,2575
"(8, 112)",2019,11,JURONG WEST,555,134,Model A,1985,2575
"(8, 113)",2019,11,JURONG WEST,555,134,Model A,1985,2575
"(8, 114)",2019,11,JURONG WEST,555,134,Model A,1985,2575
"(8, 115)",2019,11,JURONG WEST,555,134,Model A,1985,2575
"(8, 116)",2019,11,JURONG WEST,555,134,Model A,1985,2575
"(8, 117)",2019,11,JURONG WEST,555,134,Model A,1985,2575
"(8, 118)",2019,11,JURONG WEST,555,134,Model A,1985,2575
"(8, 119)",2019,11,JURONG WEST,555,134,Model A,1985,2575
"(8, 120)",2019,11,JURONG WEST,555,134,Model A,1985,2575
"(8, 121)",2019,11,JURONG WEST,555,134,Model A,1985,2575
"(8, 122)",2019,11,JURONG WEST,555,134,Model A,1985,2575
"(8, 123)",2019,11,JURONG WEST,555,134,Model A,1985,2575
"(8, 124)",2019,11,JURONG WEST,555,134,Model A,1985,2575
"(8, 125)",2019,11,JURONG WEST,555,134,Model A,1985,2575
"(8, 126)",2019,11,JURONG WEST,555,134,Model A,1985,2575
"(8, 127)",2019,11,JURONG WEST,555,134,Model A,1985,2575
"(8, 128)",2019,11,JURONG WEST,555,134,Model A,1985,2575
"(8, 129)",2019,11,JURONG WEST,555,134,Model A,1985,2575
"(8, 130)",2019,11,JURONG WEST,555,134,Model A,1985,2575
"(8, 131)",2019,11,JURONG WEST,555,134,Model A,1985,2575
"(8, 132)",2019,11,JURONG WEST,555,134,Model A,1985,2575
"(8, 133)",2019,11,JURONG WEST,555,134,Model A,1985,2575
"(8, 134)",2019,11,JURONG WEST,555,134,Model A,1985,2575
"(8, 135)",2019,07,JURONG WEST,818,139,Model A,1993,2734
"(8, 136)",2019,07,JURONG WEST,818,139,Model A,1993,2734
"(8, 137)",2019,07,JURONG WEST,818,139,Model A,1993,2734
"(8, 138)",2019,07,JURONG WEST,818,139,Model A,1993,2734
"(8, 139)",2019,07,JURONG WEST,818,139,Model A,1993,2734
"(8, 140)",2019,09,JURONG WEST,558,149,Maisonette,1985,3054
"(8, 141)",2019,09,JURONG WEST,558,149,Maisonette,1985,3054
"(8, 142)",2019,09,JURONG WEST,558,149,Maisonette,1985,3054
"(8, 143)",2019,09,JURONG WEST,558,149,Maisonette,1985,3054
"(8, 144)",2019,09,JURONG WEST,558,149,Maisonette,1985,3054
"(8, 145)",2019,09,JURONG WEST,558,149,Maisonette,1985,3054
"(8, 146)",2019,09,JURONG WEST,558,149,Maisonette,1985,3054
"(8, 147)",2019,09,JURONG WEST,558,149,Maisonette,1985,3054
"(8, 148)",2019,09,JURONG WEST,558,149,Maisonette,1985,3054
"(8, 149)",2019,09,JURONG WEST,558,149,Maisonette,1985,3054
"(8, 150)",2019,07,JURONG WEST,407,150,Maisonette,1985,3253
